panel,label_definition,label_version,events,panel_rows,prevalence_percent,threshold_eV_per_atom,stable_2025,stable_2026,state_label_changes,stable_to_unstable,unstable_to_stable,model_id,metric,budget,value_later,value_earlier,earlier_version,later_version,delta_later_minus_earlier,column,row,Exact zero,Within 10 meV,Within 25 meV
event_prevalence,exact_zero,2024-12-18,169.0,13774.0,1.2269493248148686,,,,,,,,,,,,,,,,,,,
event_prevalence,exact_zero,2025-09-25,324.0,13774.0,2.3522578771598663,,,,,,,,,,,,,,,,,,,
event_prevalence,exact_zero,2026-04-13,710.0,13774.0,5.154639175257732,,,,,,,,,,,,,,,,,,,
event_prevalence,within_10meV,2024-12-18,85.0,13774.0,0.6171046899956439,,,,,,,,,,,,,,,,,,,
event_prevalence,within_10meV,2025-09-25,172.0,13774.0,1.2487294903441266,,,,,,,,,,,,,,,,,,,
event_prevalence,within_10meV,2026-04-13,514.0,13774.0,3.7316683606795413,,,,,,,,,,,,,,,,,,,
event_prevalence,within_25meV,2024-12-18,50.0,13774.0,0.36300275882096705,,,,,,,,,,,,,,,,,,,
event_prevalence,within_25meV,2025-09-25,103.0,13774.0,0.7477856831711921,,,,,,,,,,,,,,,,,,,
event_prevalence,within_25meV,2026-04-13,391.0,13774.0,2.8386815739799625,,,,,,,,,,,,,,,,,,,
state_label_evolution,exact_zero,,,13774.0,,1e-08,13450.0,13064.0,412.0,399.0,13.0,,,,,,,,,,,,,
state_label_evolution,within_10meV,,,13774.0,,0.01,13602.0,13260.0,358.0,350.0,8.0,,,,,,,,,,,,,
state_label_evolution,within_25meV,,,13774.0,,0.025,13671.0,13383.0,308.0,298.0,10.0,,,,,,,,,,,,,
metric_deltas,exact_zero,,,,,,,,,,,M0,average_precision,,0.0515463917525773,0.0235225787715986,2025-09-25,2026-04-13,0.0280238129809786,Exact zero · M0,Average precision,,,
metric_deltas,exact_zero,,,,,,,,,,,M0,brier_score,,0.0512334930008137,0.0233851179097983,2025-09-25,2026-04-13,0.0278483750910154,Exact zero · M0,Brier score,,,
metric_deltas,exact_zero,,,,,,,,,,,M0,roc_auc,,0.5,0.5,2025-09-25,2026-04-13,0.0,Exact zero · M0,ROC AUC,,,
metric_deltas,exact_zero,,,,,,,,,,,M0,expected_calibration_error,,0.0484162343738816,0.0203924213929029,2025-09-25,2026-04-13,0.0280238129809786,Exact zero · M0,ECE,,,
metric_deltas,within_10meV,,,,,,,,,,,M0,average_precision,,0.0373166836067954,0.0124872949034412,2025-09-25,2026-04-13,0.0248293887033541,Within 10 meV · M0,Average precision,,,
metric_deltas,within_10meV,,,,,,,,,,,M0,brier_score,,0.0370928673069302,0.0124189183920927,2025-09-25,2026-04-13,0.0246739489148375,Within 10 meV · M0,Brier score,,,
metric_deltas,within_10meV,,,,,,,,,,,M0,roc_auc,,0.5,0.5,2025-09-25,2026-04-13,0.0,Within 10 meV · M0,ROC AUC,,,
metric_deltas,within_10meV,,,,,,,,,,,M0,expected_calibration_error,,0.0341865262280997,0.0093571375247455,2025-09-25,2026-04-13,0.0248293887033541,Within 10 meV · M0,ECE,,,
metric_deltas,within_25meV,,,,,,,,,,,M0,average_precision,,0.0283868157397996,0.0074778568317119,2025-09-25,2026-04-13,0.0209089589080877,Within 25 meV · M0,Average precision,,,
metric_deltas,within_25meV,,,,,,,,,,,M0,brier_score,,0.0282189032235238,0.00744084097945,2025-09-25,2026-04-13,0.0207780622440737,Within 25 meV · M0,Brier score,,,
metric_deltas,within_25meV,,,,,,,,,,,M0,roc_auc,,0.5,0.5,2025-09-25,2026-04-13,0.0,Within 25 meV · M0,ROC AUC,,,
metric_deltas,within_25meV,,,,,,,,,,,M0,expected_calibration_error,,0.0252566583611039,0.0043476994530162,2025-09-25,2026-04-13,0.0209089589080877,Within 25 meV · M0,ECE,,,
metric_deltas,exact_zero,,,,,,,,,,,M1,average_precision,,0.044687336273276,0.0267274051790451,2025-09-25,2026-04-13,0.0179599310942309,Exact zero · M1,Average precision,,,
metric_deltas,exact_zero,,,,,,,,,,,M1,brier_score,,0.0511179848171272,0.0232937206187763,2025-09-25,2026-04-13,0.0278242641983508,Exact zero · M1,Brier score,,,
metric_deltas,exact_zero,,,,,,,,,,,M1,roc_auc,,0.4288957720604091,0.5395958970122539,2025-09-25,2026-04-13,-0.1107001249518447,Exact zero · M1,ROC AUC,,,
metric_deltas,exact_zero,,,,,,,,,,,M1,expected_calibration_error,,0.0461008333129039,0.0180770203319252,2025-09-25,2026-04-13,0.0280238129809786,Exact zero · M1,ECE,,,
metric_deltas,within_10meV,,,,,,,,,,,M1,average_precision,,0.0313211031469825,0.01501936455733,2025-09-25,2026-04-13,0.0163017385896525,Within 10 meV · M1,Average precision,,,
metric_deltas,within_10meV,,,,,,,,,,,M1,brier_score,,0.0370357998416187,0.0123851189256297,2025-09-25,2026-04-13,0.024650680915989,Within 10 meV · M1,Brier score,,,
metric_deltas,within_10meV,,,,,,,,,,,M1,roc_auc,,0.417729002705542,0.5659528096073423,2025-09-25,2026-04-13,-0.1482238069018003,Within 10 meV · M1,ROC AUC,,,
metric_deltas,within_10meV,,,,,,,,,,,M1,expected_calibration_error,,0.031871125167122,0.0070417364637678,2025-09-25,2026-04-13,0.0248293887033541,Within 10 meV · M1,ECE,,,
metric_deltas,within_25meV,,,,,,,,,,,M1,average_precision,,0.0223551506898541,0.0083955504354482,2025-09-25,2026-04-13,0.0139596002544058,Within 25 meV · M1,Average precision,,,
metric_deltas,within_25meV,,,,,,,,,,,M1,brier_score,,0.0282057285954623,0.0074440796780449,2025-09-25,2026-04-13,0.0207616489174173,Within 25 meV · M1,Brier score,,,
metric_deltas,within_25meV,,,,,,,,,,,M1,roc_auc,,0.395481403383649,0.5462242731939837,2025-09-25,2026-04-13,-0.1507428698103346,Within 25 meV · M1,ROC AUC,,,
metric_deltas,within_25meV,,,,,,,,,,,M1,expected_calibration_error,,0.0229412573001262,0.0020322983920385,2025-09-25,2026-04-13,0.0209089589080877,Within 25 meV · M1,ECE,,,
metric_deltas,exact_zero,,,,,,,,,,,M2,average_precision,,0.045059475094865,0.0281795144977481,2025-09-25,2026-04-13,0.0168799605971169,Exact zero · M2,Average precision,,,
metric_deltas,exact_zero,,,,,,,,,,,M2,brier_score,,0.0510880941492693,0.0232724540448386,2025-09-25,2026-04-13,0.0278156401044307,Exact zero · M2,Brier score,,,
metric_deltas,exact_zero,,,,,,,,,,,M2,roc_auc,,0.4345366904427175,0.5501470925696452,2025-09-25,2026-04-13,-0.1156104021269276,Exact zero · M2,ROC AUC,,,
metric_deltas,exact_zero,,,,,,,,,,,M2,expected_calibration_error,,0.0457957797151412,0.0177719667341626,2025-09-25,2026-04-13,0.0280238129809786,Exact zero · M2,ECE,,,
metric_deltas,within_10meV,,,,,,,,,,,M2,average_precision,,0.0318643636686142,0.0175886207346288,2025-09-25,2026-04-13,0.0142757429339854,Within 10 meV · M2,Average precision,,,
metric_deltas,within_10meV,,,,,,,,,,,M2,brier_score,,0.0370119864669342,0.012364892957678,2025-09-25,2026-04-13,0.0246470935092561,Within 10 meV · M2,Brier score,,,
metric_deltas,within_10meV,,,,,,,,,,,M2,roc_auc,,0.4205039438702748,0.5910615487462514,2025-09-25,2026-04-13,-0.1705576048759765,Within 10 meV · M2,ROC AUC,,,
metric_deltas,within_10meV,,,,,,,,,,,M2,expected_calibration_error,,0.0315660715693593,0.0067366828660052,2025-09-25,2026-04-13,0.0248293887033541,Within 10 meV · M2,ECE,,,
metric_deltas,within_25meV,,,,,,,,,,,M2,average_precision,,0.0226514639734569,0.0103251921437252,2025-09-25,2026-04-13,0.0123262718297317,Within 25 meV · M2,Average precision,,,
metric_deltas,within_25meV,,,,,,,,,,,M2,brier_score,,0.0281894662797006,0.0074317845218181,2025-09-25,2026-04-13,0.0207576817578825,Within 25 meV · M2,Brier score,,,
metric_deltas,within_25meV,,,,,,,,,,,M2,roc_auc,,0.3953608167631837,0.5722527240356421,2025-09-25,2026-04-13,-0.1768919072724584,Within 25 meV · M2,ROC AUC,,,
metric_deltas,within_25meV,,,,,,,,,,,M2,expected_calibration_error,,0.0226362037023635,0.0017272447942758,2025-09-25,2026-04-13,0.0209089589080877,Within 25 meV · M2,ECE,,,
metric_deltas,exact_zero,,,,,,,,,,,M5,average_precision,,0.0608424720092953,0.0272892687212407,2025-09-25,2026-04-13,0.0335532032880545,Exact zero · M5,Average precision,,,
metric_deltas,exact_zero,,,,,,,,,,,M5,brier_score,,0.0511654273302665,0.0233933502050648,2025-09-25,2026-04-13,0.0277720771252016,Exact zero · M5,Brier score,,,
metric_deltas,exact_zero,,,,,,,,,,,M5,roc_auc,,0.516741038700051,0.5745455275597778,2025-09-25,2026-04-13,-0.0578044888597268,Exact zero · M5,ROC AUC,,,
metric_deltas,exact_zero,,,,,,,,,,,M5,expected_calibration_error,,0.0483014307104188,0.0202776177294401,2025-09-25,2026-04-13,0.0280238129809786,Exact zero · M5,ECE,,,
metric_deltas,within_10meV,,,,,,,,,,,M5,average_precision,,0.0445339433348869,0.0144560182379409,2025-09-25,2026-04-13,0.0300779250969459,Within 10 meV · M5,Average precision,,,
metric_deltas,within_10meV,,,,,,,,,,,M5,brier_score,,0.037046067058717,0.0124430090564069,2025-09-25,2026-04-13,0.0246030580023101,Within 10 meV · M5,Brier score,,,
metric_deltas,within_10meV,,,,,,,,,,,M5,roc_auc,,0.5005088296917091,0.5740597312980649,2025-09-25,2026-04-13,-0.0735509016063558,Within 10 meV · M5,ROC AUC,,,
metric_deltas,within_10meV,,,,,,,,,,,M5,expected_calibration_error,,0.0340717225646369,0.0092423338612827,2025-09-25,2026-04-13,0.0248293887033541,Within 10 meV · M5,ECE,,,
metric_deltas,within_25meV,,,,,,,,,,,M5,average_precision,,0.0353434710715471,0.0092548665804499,2025-09-25,2026-04-13,0.0260886044910971,Within 25 meV · M5,Average precision,,,
metric_deltas,within_25meV,,,,,,,,,,,M5,brier_score,,0.0281768424356032,0.0074613048758899,2025-09-25,2026-04-13,0.0207155375597133,Within 25 meV · M5,Brier score,,,
metric_deltas,within_25meV,,,,,,,,,,,M5,roc_auc,,0.4889595400356179,0.5742248668963357,2025-09-25,2026-04-13,-0.0852653268607177,Within 25 meV · M5,ROC AUC,,,
metric_deltas,within_25meV,,,,,,,,,,,M5,expected_calibration_error,,0.0251418546976411,0.0042328957895534,2025-09-25,2026-04-13,0.0209089589080877,Within 25 meV · M5,ECE,,,
rank_change_counts,,,,,,,,,,,,,Average precision,,,,,,,,,6.0,6.0,6.0
rank_change_counts,,,,,,,,,,,,,Brier score,,,,,,,,,2.0,2.0,4.0
rank_change_counts,,,,,,,,,,,,,ROC AUC,,,,,,,,,5.0,6.0,6.0
rank_change_counts,,,,,,,,,,,,,ECE,,,,,,,,,0.0,0.0,0.0
